"Departamento","Asignatura","Curso","Nota","Aprobado"
"Teoría","Acompañamiento","5P",9,"SÍ"
"Teoría","Acompañamiento","6P",5,"SÍ"
"Teoría","Acompañamiento","5P",7,"SÍ"
"Teoría","Acompañamiento","5P",5,"SÍ"
"Teoría","Acompañamiento","5P",6,"SÍ"
"Teoría","Acompañamiento","6P",10,"SÍ"
"Agrupaciones","Alemán","3P",NA,NA
"Teoría","Armonía","3P",5,"SÍ"
"Teoría","Armonía","3P",8,"SÍ"
"Teoría","Armonía","3P",3,"NO"
"Teoría","Armonía","3P",3,"NO"
"Teoría","Armonía","3P",6,"SÍ"
"Teoría","Armonía","3P",5,"SÍ"
"Teoría","Armonía","3P",4,"NO"
"Teoría","Armonía","3P",6,"SÍ"
"Teoría","Armonía","3P",5,"SÍ"
"Teoría","Armonía","4P",8,"SÍ"
"Teoría","Armonía","4P",6,"SÍ"
"Teoría","Armonía","3P",6,"SÍ"
"Teoría","Armonía","4P",5,"SÍ"
"Teoría","Armonía","3P",6,"SÍ"
"Teoría","Armonía","4P",NA,NA
"Teoría","Armonía","4P",5,"SÍ"
"Teoría","Armonía","3P",7,"SÍ"
"Teoría","Armonía","4P",5,"SÍ"
"Teoría","Armonía","3P",8,"SÍ"
"Teoría","Armonía","4P",5,"SÍ"
"Teoría","Armonía","3P",NA,NA
"Teoría","Armonía","4P",6,"SÍ"
"Teoría","Armonía","3P",6,"SÍ"
"Teoría","Armonía","4P",7,"SÍ"
"Teoría","Armonía","4P",5,"SÍ"
"Teoría","Armonía","4P",3,"NO"
"Teoría","Armonía","4P",4,"NO"
"Teoría","Armonía","4P",6,"SÍ"
"Teoría","Armonía","3P",7,"SÍ"
"Teoría","Armonía","4P",7,"SÍ"
"Teoría","Armonía","4P",NA,NA
"Teoría","Armonía","4P",8,"SÍ"
"Teoría","Armonía","4P",NA,NA
"Teoría","Armonía","3P",NA,NA
"Teoría","Armonía","3P",7,"SÍ"
"Teoría","Armonía","4P",6,"SÍ"
"Teoría","Armonía","4P",6,"SÍ"
"Teoría","Armonía","3P",8,"SÍ"
"Teoría","Armonía","3P",10,"SÍ"
"Teoría","Armonía","3P",NA,NA
"Teoría","Armonía","4P",NA,NA
"Teoría","Armonía","3P",7,"SÍ"
"Teoría","Armonía","3P",7,"SÍ"
"Teoría","Armonía","4P",10,"SÍ"
"Teoría","Armonía","3P",NA,NA
"Teoría","Armonía","3P",10,"SÍ"
"Teoría","Armonía","3P",NA,NA
"Teoría","Armonía","3P",NA,NA
"Teoría","Armonía","3P",5,"SÍ"
"Teoría","Análisis","5P",7,"SÍ"
"Teoría","Análisis","5P",8,"SÍ"
"Teoría","Análisis","5P",NA,NA
"Teoría","Análisis","5P",7,"SÍ"
"Teoría","Análisis","5P",7,"SÍ"
"Teoría","Análisis","6P",6,"SÍ"
"Teoría","Análisis","5P",4,"NO"
"Teoría","Análisis","5P",5,"SÍ"
"Teoría","Análisis","5P",6,"SÍ"
"Teoría","Análisis","5P",8,"SÍ"
"Teoría","Análisis","6P",NA,NA
"Teoría","Análisis","6P",7,"SÍ"
"Teoría","Análisis","6P",NA,NA
"Teoría","Análisis","5P",5,"SÍ"
"Teoría","Análisis","6P",4,"NO"
"Teoría","Análisis","6P",NA,NA
"Teoría","Análisis","6P",NA,NA
"Teoría","Análisis","6P",6,"SÍ"
"Teoría","Análisis","6P",7,"SÍ"
"Agrupaciones","Banda","5P",10,"SÍ"
"Agrupaciones","Banda","3P",10,"SÍ"
"Agrupaciones","Banda","2P",7,"SÍ"
"Agrupaciones","Banda","2P",7,"SÍ"
"Agrupaciones","Banda","1P",8,"SÍ"
"Agrupaciones","Banda","5P",9,"SÍ"
"Agrupaciones","Banda","1P",7,"SÍ"
"Agrupaciones","Banda","2P",8,"SÍ"
"Agrupaciones","Banda","6P",9,"SÍ"
"Agrupaciones","Banda","4P",6,"SÍ"
"Agrupaciones","Banda","4P",8,"SÍ"
"Agrupaciones","Banda","1P",9,"SÍ"
"Agrupaciones","Banda","4P",NA,NA
"Agrupaciones","Banda","4P",9,"SÍ"
"Agrupaciones","Banda","4P",9,"SÍ"
"Agrupaciones","Banda","4P",7,"SÍ"
"Agrupaciones","Banda","5P",7,"SÍ"
"Agrupaciones","Banda","2P",9,"SÍ"
"Agrupaciones","Banda","2P",7,"SÍ"
"Agrupaciones","Banda","3P",6,"SÍ"
"Agrupaciones","Banda","5P",10,"SÍ"
"Agrupaciones","Banda","4P",NA,NA
"Agrupaciones","Banda","5P",10,"SÍ"
"Agrupaciones","Banda","4P",8,"SÍ"
"Agrupaciones","Banda","6P",10,"SÍ"
"Agrupaciones","Banda","1P",8,"SÍ"
"Agrupaciones","Banda","2P",9,"SÍ"
"Agrupaciones","Banda","2P",8,"SÍ"
"Agrupaciones","Banda","4P",9,"SÍ"
"Agrupaciones","Banda","1P",8,"SÍ"
"Agrupaciones","Banda","6P",6,"SÍ"
"Agrupaciones","Banda","2P",8,"SÍ"
"Agrupaciones","Banda","2P",7,"SÍ"
"Agrupaciones","Banda","6P",10,"SÍ"
"Agrupaciones","Banda","5P",7,"SÍ"
"Agrupaciones","Banda","3P",9,"SÍ"
"Agrupaciones","Banda","2P",8,"SÍ"
"Agrupaciones","Banda","6P",7,"SÍ"
"Agrupaciones","Banda","3P",8,"SÍ"
"Agrupaciones","Banda","5P",8,"SÍ"
"Agrupaciones","Banda","6P",8,"SÍ"
"Agrupaciones","Banda","1P",8,"SÍ"
"Agrupaciones","Banda","6P",7,"SÍ"
"Agrupaciones","Banda","2P",4,"NO"
"Agrupaciones","Banda","1P",9,"SÍ"
"Agrupaciones","Banda","3P",7,"SÍ"
"Agrupaciones","Banda","3P",7,"SÍ"
"Agrupaciones","Banda","1P",8,"SÍ"
"Agrupaciones","Banda","3P",8,"SÍ"
"Agrupaciones","Banda","3P",6,"SÍ"
"Agrupaciones","Banda","1P",8,"SÍ"
"Agrupaciones","Banda","2P",7,"SÍ"
"Agrupaciones","Canto","6P",NA,NA
"Agrupaciones","Canto","1P",8,"SÍ"
"Agrupaciones","Canto","2P",9,"SÍ"
"Agrupaciones","Canto","6P",NA,NA
"Agrupaciones","Canto","3P",NA,NA
"Agrupaciones","Canto","5P",5,"SÍ"
"Agrupaciones","Canto","3P",7,"SÍ"
"Agrupaciones","Canto","6P",9,"SÍ"
"Agrupaciones","Canto","1P",9,"SÍ"
"Agrupaciones","Canto","6P",9,"SÍ"
"Agrupaciones","Canto","2P",9,"SÍ"
"Agrupaciones","Canto","1P",NA,NA
"Cuerda_Arco","Contrabajo","3E",6,"SÍ"
"Cuerda_Arco","Contrabajo","1P",7,"SÍ"
"Cuerda_Arco","Contrabajo","2E",7,"SÍ"
"Cuerda_Arco","Contrabajo","4E",7,"SÍ"
"Cuerda_Arco","Contrabajo","6P",7,"SÍ"
"Cuerda_Arco","Contrabajo","2P",7,"SÍ"
"Cuerda_Arco","Contrabajo","4E",4,"NO"
"Cuerda_Arco","Contrabajo","1E",10,"SÍ"
"Cuerda_Arco","Contrabajo","1P",7,"SÍ"
"Viento_Madera","Clarinete","1E",7,"SÍ"
"Viento_Madera","Clarinete","1E",7,"SÍ"
"Viento_Madera","Clarinete","1E",8,"SÍ"
"Viento_Madera","Clarinete","1E",7,"SÍ"
"Viento_Madera","Clarinete","1E",7,"SÍ"
"Viento_Madera","Clarinete","1E",9,"SÍ"
"Viento_Madera","Clarinete","5P",6,"SÍ"
"Viento_Madera","Clarinete","2E",7,"SÍ"
"Viento_Madera","Clarinete","2E",5,"SÍ"
"Viento_Madera","Clarinete","2P",9,"SÍ"
"Viento_Madera","Clarinete","6P",9,"SÍ"
"Viento_Madera","Clarinete","6P",7,"SÍ"
"Viento_Madera","Clarinete","2P",5,"SÍ"
"Viento_Madera","Clarinete","5P",9,"SÍ"
"Viento_Madera","Clarinete","1P",8,"SÍ"
"Viento_Madera","Clarinete","1P",7,"SÍ"
"Viento_Madera","Clarinete","2E",7,"SÍ"
"Viento_Madera","Clarinete","1P",6,"SÍ"
"Viento_Madera","Clarinete","5P",6,"SÍ"
"Viento_Madera","Clarinete","2E",10,"SÍ"
"Viento_Madera","Clarinete","1P",1,"NO"
"Viento_Madera","Clarinete","3P",5,"SÍ"
"Viento_Madera","Clarinete","4P",NA,NA
"Viento_Madera","Clarinete","4P",7,"SÍ"
"Viento_Madera","Clarinete","1P",8,"SÍ"
"Viento_Madera","Clarinete","2E",9,"SÍ"
"Viento_Madera","Clarinete","2E",6,"SÍ"
"Viento_Madera","Clarinete","4E",6,"SÍ"
"Viento_Madera","Clarinete","1P",1,"NO"
"Agrupaciones","Coro","4E",7,"SÍ"
"Agrupaciones","Coro","4E",7,"SÍ"
"Agrupaciones","Coro","4E",6,"SÍ"
"Agrupaciones","Coro","3E",8,"SÍ"
"Agrupaciones","Coro","4E",NA,NA
"Agrupaciones","Coro","4E",NA,NA
"Agrupaciones","Coro","4E",5,"SÍ"
"Agrupaciones","Coro","1P",6,"SÍ"
"Agrupaciones","Coro","4E",6,"SÍ"
"Agrupaciones","Coro","4E",5,"SÍ"
"Agrupaciones","Coro","4E",8,"SÍ"
"Agrupaciones","Coro","4E",5,"SÍ"
"Agrupaciones","Coro","4E",6,"SÍ"
"Agrupaciones","Coro","2P",8,"SÍ"
"Agrupaciones","Coro","4E",1,"NO"
"Agrupaciones","Coro","3E",NA,NA
"Agrupaciones","Coro","3E",7,"SÍ"
"Agrupaciones","Coro","3E",5,"SÍ"
"Agrupaciones","Coro","4E",4,"NO"
"Agrupaciones","Coro","2P",5,"SÍ"
"Agrupaciones","Coro","4E",7,"SÍ"
"Agrupaciones","Coro","3E",8,"SÍ"
"Agrupaciones","Coro","4E",8,"SÍ"
"Agrupaciones","Coro","3E",5,"SÍ"
"Agrupaciones","Coro","4E",5,"SÍ"
"Agrupaciones","Coro","4E",9,"SÍ"
"Agrupaciones","Coro","4E",9,"SÍ"
"Agrupaciones","Coro","4E",6,"SÍ"
"Agrupaciones","Coro","2P",5,"SÍ"
"Agrupaciones","Coro","4E",4,"NO"
"Agrupaciones","Coro","4E",5,"SÍ"
"Agrupaciones","Coro","3E",8,"SÍ"
"Agrupaciones","Coro","4E",7,"SÍ"
"Agrupaciones","Coro","3E",NA,NA
"Agrupaciones","Coro","4E",7,"SÍ"
"Agrupaciones","Coro","4E",8,"SÍ"
"Agrupaciones","Coro","3E",6,"SÍ"
"Agrupaciones","Coro","4E",7,"SÍ"
"Agrupaciones","Coro","4E",4,"NO"
"Agrupaciones","Coro","3E",6,"SÍ"
"Agrupaciones","Coro","3E",6,"SÍ"
"Agrupaciones","Coro","3E",7,"SÍ"
"Agrupaciones","Coro","4E",7,"SÍ"
"Agrupaciones","Coro","3E",6,"SÍ"
"Agrupaciones","Coro","4E",5,"SÍ"
"Agrupaciones","Coro","4E",6,"SÍ"
"Agrupaciones","Coro","4E",7,"SÍ"
"Agrupaciones","Coro","3E",NA,NA
"Agrupaciones","Coro","4E",8,"SÍ"
"Agrupaciones","Coro","4E",4,"NO"
"Agrupaciones","Coro","3E",6,"SÍ"
"Agrupaciones","Coro","4E",7,"SÍ"
"Agrupaciones","Coro","1P",6,"SÍ"
"Agrupaciones","Coro","1P",5,"SÍ"
"Agrupaciones","Coro","2P",6,"SÍ"
"Agrupaciones","Coro","2P",5,"SÍ"
"Agrupaciones","Coro","3E",6,"SÍ"
"Agrupaciones","Coro","4E",4,"NO"
"Agrupaciones","Coro","3E",6,"SÍ"
"Agrupaciones","Coro","4E",7,"SÍ"
"Agrupaciones","Coro","3E",5,"SÍ"
"Agrupaciones","Coro","2P",6,"SÍ"
"Agrupaciones","Coro","4E",5,"SÍ"
"Agrupaciones","Coro","3E",9,"SÍ"
"Agrupaciones","Coro","2P",8,"SÍ"
"Agrupaciones","Coro","3E",7,"SÍ"
"Agrupaciones","Coro","3E",8,"SÍ"
"Agrupaciones","Coro","3E",9,"SÍ"
"Agrupaciones","Coro","4E",6,"SÍ"
"Agrupaciones","Coro","3E",8,"SÍ"
"Agrupaciones","Coro","3E",6,"SÍ"
"Agrupaciones","Coro","4E",7,"SÍ"
"Agrupaciones","Coro","3E",5,"SÍ"
"Agrupaciones","Coro","4E",4,"NO"
"Agrupaciones","Coro","3E",6,"SÍ"
"Agrupaciones","Coro","4E",4,"NO"
"Agrupaciones","Coro","4E",8,"SÍ"
"Agrupaciones","Coro","3E",NA,NA
"Agrupaciones","Coro","3E",6,"SÍ"
"Agrupaciones","Coro","4E",7,"SÍ"
"Agrupaciones","Coro","3E",8,"SÍ"
"Agrupaciones","Coro","3E",NA,NA
"Agrupaciones","Coro","4E",NA,NA
"Agrupaciones","Coro","3E",6,"SÍ"
"Agrupaciones","Coro","3E",7,"SÍ"
"Agrupaciones","Coro","4E",9,"SÍ"
"Agrupaciones","Coro","3E",9,"SÍ"
"Agrupaciones","Coro","1P",5,"SÍ"
"Agrupaciones","Coro","4E",5,"SÍ"
"Agrupaciones","Coro","2P",6,"SÍ"
"Agrupaciones","Coro","3E",8,"SÍ"
"Agrupaciones","Coro","4E",6,"SÍ"
"Agrupaciones","Coro","4E",6,"SÍ"
"Agrupaciones","Coro","4E",7,"SÍ"
"Agrupaciones","Coro","2P",9,"SÍ"
"Agrupaciones","Coro","4E",8,"SÍ"
"Agrupaciones","Coro","2P",5,"SÍ"
"Agrupaciones","Coro","2P",6,"SÍ"
"Agrupaciones","Coro","3E",5,"SÍ"
"Agrupaciones","Coro","3E",5,"SÍ"
"Agrupaciones","Coro","4E",8,"SÍ"
"Agrupaciones","Coro","3E",5,"SÍ"
"Agrupaciones","Coro","4E",7,"SÍ"
"Agrupaciones","Coro","1P",8,"SÍ"
"Agrupaciones","Coro","4E",6,"SÍ"
"Agrupaciones","Coro","2P",6,"SÍ"
"Agrupaciones","Coro","3E",5,"SÍ"
"Agrupaciones","Coro","3E",7,"SÍ"
"Agrupaciones","Coro","3E",7,"SÍ"
"Agrupaciones","Coro","3E",9,"SÍ"
"Agrupaciones","Coro","3E",6,"SÍ"
"Agrupaciones","Coro","3E",7,"SÍ"
"Agrupaciones","Coro","3E",7,"SÍ"
"Agrupaciones","Coro","3E",7,"SÍ"
"Agrupaciones","Coro","3E",7,"SÍ"
"Agrupaciones","Coro","3E",8,"SÍ"
"Agrupaciones","Coro","2P",6,"SÍ"
"Agrupaciones","Coro","3E",5,"SÍ"
"Agrupaciones","Coro","3E",5,"SÍ"
"Agrupaciones","Coro","3E",NA,NA
"Agrupaciones","Coro","3E",8,"SÍ"
"Agrupaciones","Coro","1P",7,"SÍ"
"Agrupaciones","Coro","4E",4,"NO"
"Agrupaciones","Coro","3E",6,"SÍ"
"Agrupaciones","Coro","3E",7,"SÍ"
"Agrupaciones","Coro","3E",6,"SÍ"
"Agrupaciones","Coro","4E",6,"SÍ"
"Agrupaciones","Coro","2P",9,"SÍ"
"Agrupaciones","Coro","1P",6,"SÍ"
"Agrupaciones","Coro","2P",9,"SÍ"
"Optativa","Coro1_Optativa","5P",7,"SÍ"
"Optativa","Coro1_Optativa","5P",9,"SÍ"
"Optativa","Coro1_Optativa","5P",9,"SÍ"
"Optativa","Coro1_Optativa","5P",6,"SÍ"
"Optativa","Coro1_Optativa","6P",8,"SÍ"
"Optativa","Coro1_Optativa","5P",5,"SÍ"
"Optativa","Coro2_Optativa","6P",NA,NA
"Optativa","Coro2_Optativa","6P",6,"SÍ"
"Optativa","Coro2_Optativa","6P",9,"SÍ"
"Optativa","Coro2_Optativa","6P",9,"SÍ"
"Optativa","Coro2_Optativa","6P",8,"SÍ"
"Optativa","Educación_Auditiva1","5P",6,"SÍ"
"Optativa","Educación_Auditiva1","6P",10,"SÍ"
"Optativa","Educación_Auditiva1","5P",9,"SÍ"
"Optativa","Educación_Auditiva1","5P",5,"SÍ"
"Optativa","Educación_Auditiva1","5P",NA,NA
"Optativa","Educación_Auditiva1","5P",10,"SÍ"
"Optativa","Educación_Auditiva1","5P",7,"SÍ"
"Optativa","Educación_Auditiva2","6P",8,"SÍ"
"Optativa","Educación_Auditiva2","6P",NA,NA
"Optativa","Educación_Auditiva2","6P",8,"SÍ"
"Optativa","Educación_Auditiva2","6P",NA,NA
"Optativa","Educación_Auditiva2","6P",NA,NA
"Optativa","Educación_Auditiva2","6P",5,"SÍ"
"Optativa","Educación_Auditiva2","6P",10,"SÍ"
"Optativa","Educación_Auditiva2","6P",8,"SÍ"
"Optativa","Educación_Auditiva2","6P",NA,NA
"Optativa","Edición_de_Partituras","6P",8,"SÍ"
"Teoría","Fundamentos_de_Composición","5P",5,"SÍ"
"Teoría","Fundamentos_de_Composición","6P",10,"SÍ"
"Teoría","Fundamentos_de_Composición","6P",8,"SÍ"
"Teoría","Fundamentos_de_Composición","5P",6,"SÍ"
"Teoría","Fundamentos_de_Composición","5P",8,"SÍ"
"Teoría","Fundamentos_de_Composición","5P",8,"SÍ"
"Teoría","Fundamentos_de_Composición","5P",5,"SÍ"
"Teoría","Fundamentos_de_Composición","6P",8,"SÍ"
"Teoría","Fundamentos_de_Composición","6P",6,"SÍ"
"Teoría","Fundamentos_de_Composición","6P",5,"SÍ"
"Teoría","Fundamentos_de_Composición","6P",6,"SÍ"
"Teoría","Fundamentos_de_Composición","6P",5,"SÍ"
"Teoría","Fundamentos_de_Composición","6P",6,"SÍ"
"Teoría","Fundamentos_de_Composición","6P",6,"SÍ"
"Teoría","Fundamentos_de_Composición","5P",5,"SÍ"
"Viento_Madera","Fagot","3P",8,"SÍ"
"Viento_Madera","Fagot","3E",8,"SÍ"
"Viento_Madera","Fagot","1P",9,"SÍ"
"Viento_Madera","Fagot","4E",8,"SÍ"
"Viento_Madera","Fagot","1P",9,"SÍ"
"Viento_Madera","Fagot","4E",9,"SÍ"
"Viento_Madera","Fagot","1E",10,"SÍ"
"Agrupaciones","Francés","5P",8,"SÍ"
"Agrupaciones","Francés","5P",NA,NA
"Agrupaciones","Francés","6P",NA,NA
"Agrupaciones","Francés","6P",9,"SÍ"
"Agrupaciones","Francés","6P",9,"SÍ"
"Agrupaciones","Francés","6P",NA,NA
"Viento_Madera","Flauta","1E",8,"SÍ"
"Viento_Madera","Flauta","2E",8,"SÍ"
"Viento_Madera","Flauta","1E",8,"SÍ"
"Viento_Madera","Flauta","1E",6,"SÍ"
"Viento_Madera","Flauta","3P",9,"SÍ"
"Viento_Madera","Flauta","2E",NA,NA
"Viento_Madera","Flauta","3P",7,"SÍ"
"Viento_Madera","Flauta","1E",7,"SÍ"
"Viento_Madera","Flauta","1E",10,"SÍ"
"Viento_Madera","Flauta","3E",9,"SÍ"
"Viento_Madera","Flauta","4E",5,"SÍ"
"Viento_Madera","Flauta","6P",10,"SÍ"
"Viento_Madera","Flauta","4E",4,"NO"
"Viento_Madera","Flauta","1E",6,"SÍ"
"Viento_Madera","Flauta","3E",6,"SÍ"
"Viento_Madera","Flauta","3E",5,"SÍ"
"Viento_Madera","Flauta","2E",7,"SÍ"
"Viento_Madera","Flauta","3E",9,"SÍ"
"Viento_Madera","Flauta","3E",9,"SÍ"
"Viento_Madera","Flauta","6P",8,"SÍ"
"Viento_Madera","Flauta","1E",7,"SÍ"
"Viento_Madera","Flauta","1E",8,"SÍ"
"Viento_Madera","Flauta","4E",8,"SÍ"
"Viento_Madera","Flauta","3E",4,"NO"
"Viento_Madera","Flauta","3P",5,"SÍ"
"Viento_Madera","Flauta","6P",9,"SÍ"
"Viento_Madera","Flauta","1E",6,"SÍ"
"Viento_Madera","Flauta","4P",5,"SÍ"
"Viento_Madera","Flauta","3E",NA,NA
"Viento_Madera","Flauta","3E",8,"SÍ"
"Viento_Madera","Flauta","6P",9,"SÍ"
"Cuerda_Pulsada","Guitarra","3E",5,"SÍ"
"Cuerda_Pulsada","Guitarra","1E",5,"SÍ"
"Cuerda_Pulsada","Guitarra","1E",9,"SÍ"
"Cuerda_Pulsada","Guitarra","2P",4,"NO"
"Cuerda_Pulsada","Guitarra","1P",7,"SÍ"
"Cuerda_Pulsada","Guitarra","1P",7,"SÍ"
"Cuerda_Pulsada","Guitarra","1P",6,"SÍ"
"Cuerda_Pulsada","Guitarra","2E",NA,NA
"Cuerda_Pulsada","Guitarra","2E",5,"SÍ"
"Cuerda_Pulsada","Guitarra","2E",5,"SÍ"
"Cuerda_Pulsada","Guitarra","2E",7,"SÍ"
"Cuerda_Pulsada","Guitarra","2P",5,"SÍ"
"Cuerda_Pulsada","Guitarra","1E",6,"SÍ"
"Cuerda_Pulsada","Guitarra","2E",5,"SÍ"
"Cuerda_Pulsada","Guitarra","1E",6,"SÍ"
"Cuerda_Pulsada","Guitarra","2E",6,"SÍ"
"Cuerda_Pulsada","Guitarra","1E",9,"SÍ"
"Cuerda_Pulsada","Guitarra","1P",6,"SÍ"
"Cuerda_Pulsada","Guitarra","3E",6,"SÍ"
"Cuerda_Pulsada","Guitarra","2P",6,"SÍ"
"Cuerda_Pulsada","Guitarra","1P",8,"SÍ"
"Cuerda_Pulsada","Guitarra","4P",9,"SÍ"
"Cuerda_Pulsada","Guitarra","4E",6,"SÍ"
"Cuerda_Pulsada","Guitarra","3P",7,"SÍ"
"Cuerda_Pulsada","Guitarra","1E",6,"SÍ"
"Cuerda_Pulsada","Guitarra","1P",6,"SÍ"
"Cuerda_Pulsada","Guitarra","4E",4,"NO"
"Cuerda_Pulsada","Guitarra","1E",5,"SÍ"
"Cuerda_Pulsada","Guitarra","1P",6,"SÍ"
"Cuerda_Pulsada","Guitarra","2E",NA,NA
"Cuerda_Pulsada","Guitarra","1P",6,"SÍ"
"Cuerda_Pulsada","Guitarra","2E",NA,NA
"Cuerda_Pulsada","Conjunto_Guitarra","1P",6,"SÍ"
"Cuerda_Pulsada","Conjunto_Guitarra","1P",6,"SÍ"
"Cuerda_Pulsada","Conjunto_Guitarra","2P",6,"SÍ"
"Cuerda_Pulsada","Conjunto_Guitarra","4P",8,"SÍ"
"Cuerda_Pulsada","Conjunto_Guitarra","2P",4,"NO"
"Cuerda_Pulsada","Conjunto_Guitarra","2P",6,"SÍ"
"Cuerda_Pulsada","Conjunto_Guitarra","1P",6,"SÍ"
"Cuerda_Pulsada","Conjunto_Guitarra","3P",8,"SÍ"
"Cuerda_Pulsada","Conjunto_Guitarra","1P",6,"SÍ"
"Teoría","Historia_de_la_Música","5P",5,"SÍ"
"Teoría","Historia_de_la_Música","5P",6,"SÍ"
"Teoría","Historia_de_la_Música","3P",3,"NO"
"Teoría","Historia_de_la_Música","3P",7,"SÍ"
"Teoría","Historia_de_la_Música","3P",10,"SÍ"
"Teoría","Historia_de_la_Música","6P",NA,NA
"Teoría","Historia_de_la_Música","3P",7,"SÍ"
"Teoría","Historia_de_la_Música","3P",7,"SÍ"
"Teoría","Historia_de_la_Música","5P",9,"SÍ"
"Teoría","Historia_de_la_Música","3P",10,"SÍ"
"Teoría","Historia_de_la_Música","3P",3,"NO"
"Teoría","Historia_de_la_Música","6P",10,"SÍ"
"Teoría","Historia_de_la_Música","6P",NA,NA
"Teoría","Historia_de_la_Música","5P",9,"SÍ"
"Teoría","Historia_de_la_Música","3P",9,"SÍ"
"Teoría","Historia_de_la_Música","6P",8,"SÍ"
"Teoría","Historia_de_la_Música","3P",7,"SÍ"
"Teoría","Historia_de_la_Música","3P",8,"SÍ"
"Teoría","Historia_de_la_Música","6P",8,"SÍ"
"Teoría","Historia_de_la_Música","5P",8,"SÍ"
"Teoría","Historia_de_la_Música","3P",NA,NA
"Teoría","Historia_de_la_Música","3P",5,"SÍ"
"Teoría","Historia_de_la_Música","3P",5,"SÍ"
"Teoría","Historia_de_la_Música","5P",6,"SÍ"
"Teoría","Historia_de_la_Música","4P",7,"SÍ"
"Teoría","Historia_de_la_Música","4P",7,"SÍ"
"Teoría","Historia_de_la_Música","3P",NA,NA
"Teoría","Historia_de_la_Música","3P",NA,NA
"Teoría","Historia_de_la_Música","3P",9,"SÍ"
"Teoría","Historia_de_la_Música","3P",8,"SÍ"
"Teoría","Historia_de_la_Música","3P",NA,NA
"Teoría","Historia_de_la_Música","4P",7,"SÍ"
"Teoría","Historia_de_la_Música","6P",5,"SÍ"
"Teoría","Historia_de_la_Música","3P",7,"SÍ"
"Teoría","Historia_de_la_Música","3P",7,"SÍ"
"Teoría","Historia_de_la_Música","5P",7,"SÍ"
"Teoría","Historia_de_la_Música","6P",8,"SÍ"
"Teoría","Historia_de_la_Música","5P",5,"SÍ"
"Teoría","Historia_de_la_Música","6P",6,"SÍ"
"Teoría","Historia_de_la_Música","6P",NA,NA
"Teoría","Historia_de_la_Música","6P",NA,NA
"Teoría","Historia_de_la_Música","6P",NA,NA
"Teoría","Historia_de_la_Música","6P",6,"SÍ"
"Teoría","Historia_de_la_Música","6P",7,"SÍ"
"Teoría","Historia_de_la_Música","5P",10,"SÍ"
"Teoría","Historia_de_la_Música","4P",6,"SÍ"
"Teoría","Historia_de_la_Música","6P",8,"SÍ"
"Teoría","Historia_de_la_Música","4P",NA,NA
"Teoría","Historia_de_la_Música","3P",NA,NA
"Teoría","Historia_de_la_Música","6P",7,"SÍ"
"Teoría","Historia_de_la_Música","6P",7,"SÍ"
"Teoría","Historia_de_la_Música","4P",9,"SÍ"
"Teoría","Historia_de_la_Música","4P",5,"SÍ"
"Teoría","Historia_de_la_Música","4P",7,"SÍ"
"Teoría","Historia_de_la_Música","5P",7,"SÍ"
"Teoría","Historia_de_la_Música","5P",7,"SÍ"
"Teoría","Historia_de_la_Música","6P",NA,NA
"Teoría","Historia_de_la_Música","4P",7,"SÍ"
"Teoría","Historia_de_la_Música","5P",7,"SÍ"
"Teoría","Historia_de_la_Música","5P",7,"SÍ"
"Teoría","Historia_de_la_Música","5P",7,"SÍ"
"Teoría","Historia_de_la_Música","4P",6,"SÍ"
"Teoría","Historia_de_la_Música","4P",NA,NA
"Teoría","Historia_de_la_Música","6P",NA,NA
"Teoría","Historia_de_la_Música","4P",7,"SÍ"
"Teoría","Historia_de_la_Música","5P",NA,NA
"Teoría","Historia_de_la_Música","4P",6,"SÍ"
"Teoría","Historia_de_la_Música","4P",7,"SÍ"
"Teoría","Historia_de_la_Música","4P",7,"SÍ"
"Teoría","Historia_de_la_Música","4P",6,"SÍ"
"Teoría","Historia_de_la_Música","3P",5,"SÍ"
"Teoría","Historia_de_la_Música","4P",7,"SÍ"
"Teoría","Historia_de_la_Música","3P",4,"NO"
"Teoría","Historia_de_la_Música","4P",NA,NA
"Teoría","Historia_de_la_Música","4P",NA,NA
"Optativa","Iniciación_al_Canto","5P",10,"SÍ"
"Optativa","Iniciación_al_Canto","6P",NA,NA
"Optativa","Iniciación_al_Canto","6P",9,"SÍ"
"Optativa","Iniciación_al_Canto","6P",7,"SÍ"
"Optativa","Iniciación_al_Canto","6P",NA,NA
"Optativa","Iniciación_a_la_Percusión","6P",9,"SÍ"
"Optativa","Iniciación_a_la_Percusión","6P",NA,NA
"Optativa","Iniciación_a_la_Percusión","5P",9,"SÍ"
"Optativa","Iniciación_a_la_Percusión","5P",9,"SÍ"
"Optativa","Iniciación_a_la_Percusión","5P",6,"SÍ"
"Optativa","Iniciación_a_la_Percusión","6P",9,"SÍ"
"Optativa","Iniciación_a_la_Percusión","5P",9,"SÍ"
"Optativa","Iniciación_a_la_Percusión","6P",9,"SÍ"
"Optativa","Iniciación_a_la_Percusión","5P",9,"SÍ"
"Agrupaciones","Italiano","1P",10,"SÍ"
"Agrupaciones","Italiano","2P",8,"SÍ"
"Agrupaciones","Italiano","2P",9,"SÍ"
"Optativa","Jazz1","5P",6,"SÍ"
"Optativa","Jazz1","5P",7,"SÍ"
"Optativa","Jazz1","6P",7,"SÍ"
"Optativa","Jazz1","5P",7,"SÍ"
"Optativa","Jazz1","6P",5,"SÍ"
"Optativa","Jazz1","5P",6,"SÍ"
"Optativa","Jazz1","5P",7,"SÍ"
"Optativa","Jazz1","5P",9,"SÍ"
"Optativa","Jazz1","6P",8,"SÍ"
"Optativa","Jazz1","5P",6,"SÍ"
"Optativa","Jazz1","5P",7,"SÍ"
"Optativa","Jazz1","6P",7,"SÍ"
"Optativa","Jazz1","6P",NA,NA
"Optativa","Jazz1","6P",9,"SÍ"
"Teoría","Lenguaje_Musical","1E",6,"SÍ"
"Teoría","Lenguaje_Musical","3E",3,"NO"
"Teoría","Lenguaje_Musical","4E",5,"SÍ"
"Teoría","Lenguaje_Musical","3E",7,"SÍ"
"Teoría","Lenguaje_Musical","1E",5,"SÍ"
"Teoría","Lenguaje_Musical","1P",5,"SÍ"
"Teoría","Lenguaje_Musical","2E",NA,NA
"Teoría","Lenguaje_Musical","3E",8,"SÍ"
"Teoría","Lenguaje_Musical","1E",8,"SÍ"
"Teoría","Lenguaje_Musical","3E",4,"NO"
"Teoría","Lenguaje_Musical","3E",7,"SÍ"
"Teoría","Lenguaje_Musical","2P",7,"SÍ"
"Teoría","Lenguaje_Musical","2P",8,"SÍ"
"Teoría","Lenguaje_Musical","2P",4,"NO"
"Teoría","Lenguaje_Musical","1E",7,"SÍ"
"Teoría","Lenguaje_Musical","1P",7,"SÍ"
"Teoría","Lenguaje_Musical","1P",7,"SÍ"
"Teoría","Lenguaje_Musical","1P",4,"NO"
"Teoría","Lenguaje_Musical","4E",NA,NA
"Teoría","Lenguaje_Musical","3E",8,"SÍ"
"Teoría","Lenguaje_Musical","2E",7,"SÍ"
"Teoría","Lenguaje_Musical","2E",4,"NO"
"Teoría","Lenguaje_Musical","1P",7,"SÍ"
"Teoría","Lenguaje_Musical","3E",5,"SÍ"
"Teoría","Lenguaje_Musical","2P",6,"SÍ"
"Teoría","Lenguaje_Musical","2P",7,"SÍ"
"Teoría","Lenguaje_Musical","3E",6,"SÍ"
"Teoría","Lenguaje_Musical","2E",NA,NA
"Teoría","Lenguaje_Musical","2P",7,"SÍ"
"Teoría","Lenguaje_Musical","1E",7,"SÍ"
"Teoría","Lenguaje_Musical","1E",5,"SÍ"
"Teoría","Lenguaje_Musical","2P",5,"SÍ"
"Teoría","Lenguaje_Musical","2P",9,"SÍ"
"Teoría","Lenguaje_Musical","1P",NA,NA
"Teoría","Lenguaje_Musical","3E",5,"SÍ"
"Teoría","Lenguaje_Musical","2P",6,"SÍ"
"Teoría","Lenguaje_Musical","1P",NA,NA
"Teoría","Lenguaje_Musical","2E",7,"SÍ"
"Teoría","Lenguaje_Musical","1E",4,"NO"
"Teoría","Lenguaje_Musical","1E",5,"SÍ"
"Teoría","Lenguaje_Musical","1E",6,"SÍ"
"Teoría","Lenguaje_Musical","3E",6,"SÍ"
"Teoría","Lenguaje_Musical","3E",4,"NO"
"Teoría","Lenguaje_Musical","4E",7,"SÍ"
"Teoría","Lenguaje_Musical","1E",NA,NA
"Teoría","Lenguaje_Musical","4E",6,"SÍ"
"Teoría","Lenguaje_Musical","3E",5,"SÍ"
"Teoría","Lenguaje_Musical","4E",NA,NA
"Teoría","Lenguaje_Musical","3E",7,"SÍ"
"Teoría","Lenguaje_Musical","2E",7,"SÍ"
"Teoría","Lenguaje_Musical","2E",7,"SÍ"
"Teoría","Lenguaje_Musical","4E",NA,NA
"Teoría","Lenguaje_Musical","4E",4,"NO"
"Teoría","Lenguaje_Musical","2E",NA,NA
"Teoría","Lenguaje_Musical","4E",9,"SÍ"
"Teoría","Lenguaje_Musical","4E",9,"SÍ"
"Teoría","Lenguaje_Musical","2P",7,"SÍ"
"Teoría","Lenguaje_Musical","4E",6,"SÍ"
"Teoría","Lenguaje_Musical","1E",5,"SÍ"
"Teoría","Lenguaje_Musical","2P",7,"SÍ"
"Teoría","Lenguaje_Musical","2E",7,"SÍ"
"Teoría","Lenguaje_Musical","1E",6,"SÍ"
"Teoría","Lenguaje_Musical","2P",4,"NO"
"Teoría","Lenguaje_Musical","2P",6,"SÍ"
"Teoría","Lenguaje_Musical","2E",NA,NA
"Teoría","Lenguaje_Musical","2E",NA,NA
"Teoría","Lenguaje_Musical","2P",7,"SÍ"
"Teoría","Lenguaje_Musical","3E",8,"SÍ"
"Teoría","Lenguaje_Musical","1E",6,"SÍ"
"Teoría","Lenguaje_Musical","1E",6,"SÍ"
"Teoría","Lenguaje_Musical","2P",7,"SÍ"
"Teoría","Lenguaje_Musical","2E",7,"SÍ"
"Teoría","Lenguaje_Musical","2E",6,"SÍ"
"Teoría","Lenguaje_Musical","2P",10,"SÍ"
"Teoría","Lenguaje_Musical","4E",7,"SÍ"
"Teoría","Lenguaje_Musical","2E",7,"SÍ"
"Teoría","Lenguaje_Musical","4E",7,"SÍ"
"Teoría","Lenguaje_Musical","1E",6,"SÍ"
"Teoría","Lenguaje_Musical","1E",5,"SÍ"
"Teoría","Lenguaje_Musical","2E",NA,NA
"Teoría","Lenguaje_Musical","2E",9,"SÍ"
"Teoría","Lenguaje_Musical","3E",6,"SÍ"
"Teoría","Lenguaje_Musical","2E",6,"SÍ"
"Teoría","Lenguaje_Musical","2E",7,"SÍ"
"Teoría","Lenguaje_Musical","2E",5,"SÍ"
"Teoría","Lenguaje_Musical","2E",6,"SÍ"
"Teoría","Lenguaje_Musical","3E",7,"SÍ"
"Teoría","Lenguaje_Musical","2E",7,"SÍ"
"Teoría","Lenguaje_Musical","2E",7,"SÍ"
"Teoría","Lenguaje_Musical","2E",7,"SÍ"
"Teoría","Lenguaje_Musical","3E",NA,NA
"Teoría","Lenguaje_Musical","3E",10,"SÍ"
"Teoría","Lenguaje_Musical","3E",9,"SÍ"
"Teoría","Lenguaje_Musical","1E",8,"SÍ"
"Teoría","Lenguaje_Musical","3E",9,"SÍ"
"Teoría","Lenguaje_Musical","1E",6,"SÍ"
"Teoría","Lenguaje_Musical","3E",NA,NA
"Teoría","Lenguaje_Musical","3E",6,"SÍ"
"Teoría","Lenguaje_Musical","1P",6,"SÍ"
"Teoría","Lenguaje_Musical","1P",4,"NO"
"Teoría","Lenguaje_Musical","1E",7,"SÍ"
"Teoría","Lenguaje_Musical","2P",7,"SÍ"
"Teoría","Lenguaje_Musical","3E",7,"SÍ"
"Teoría","Lenguaje_Musical","3E",7,"SÍ"
"Teoría","Lenguaje_Musical","1E",5,"SÍ"
"Teoría","Lenguaje_Musical","1E",9,"SÍ"
"Teoría","Lenguaje_Musical","3E",NA,NA
"Teoría","Lenguaje_Musical","1E",5,"SÍ"
"Teoría","Lenguaje_Musical","3E",4,"NO"
"Teoría","Lenguaje_Musical","3E",7,"SÍ"
"Teoría","Lenguaje_Musical","3E",4,"NO"
"Teoría","Lenguaje_Musical","2P",6,"SÍ"
"Teoría","Lenguaje_Musical","3E",5,"SÍ"
"Teoría","Lenguaje_Musical","1E",7,"SÍ"
"Teoría","Lenguaje_Musical","1E",5,"SÍ"
"Teoría","Lenguaje_Musical","1E",4,"NO"
"Teoría","Lenguaje_Musical","1E",7,"SÍ"
"Teoría","Lenguaje_Musical","2P",6,"SÍ"
"Teoría","Lenguaje_Musical","4E",4,"NO"
"Teoría","Lenguaje_Musical","2E",NA,NA
"Teoría","Lenguaje_Musical","4E",4,"NO"
"Teoría","Lenguaje_Musical","4E",8,"SÍ"
"Teoría","Lenguaje_Musical","3E",4,"NO"
"Teoría","Lenguaje_Musical","4E",6,"SÍ"
"Teoría","Lenguaje_Musical","2E",5,"SÍ"
"Teoría","Lenguaje_Musical","1P",6,"SÍ"
"Teoría","Lenguaje_Musical","1P",5,"SÍ"
"Teoría","Lenguaje_Musical","1P",4,"NO"
"Teoría","Lenguaje_Musical","1P",8,"SÍ"
"Teoría","Lenguaje_Musical","1P",8,"SÍ"
"Teoría","Lenguaje_Musical","1P",8,"SÍ"
"Teoría","Lenguaje_Musical","1P",7,"SÍ"
"Teoría","Lenguaje_Musical","1P",6,"SÍ"
"Teoría","Lenguaje_Musical","1P",6,"SÍ"
"Teoría","Lenguaje_Musical","1P",4,"NO"
"Teoría","Lenguaje_Musical","1P",5,"SÍ"
"Teoría","Lenguaje_Musical","1P",7,"SÍ"
"Teoría","Lenguaje_Musical","2E",7,"SÍ"
"Teoría","Lenguaje_Musical","3E",6,"SÍ"
"Teoría","Lenguaje_Musical","3E",4,"NO"
"Teoría","Lenguaje_Musical","2P",7,"SÍ"
"Teoría","Lenguaje_Musical","3E",5,"SÍ"
"Teoría","Lenguaje_Musical","1P",7,"SÍ"
"Teoría","Lenguaje_Musical","1P",5,"SÍ"
"Teoría","Lenguaje_Musical","1P",7,"SÍ"
"Teoría","Lenguaje_Musical","1P",9,"SÍ"
"Teoría","Lenguaje_Musical","1P",8,"SÍ"
"Teoría","Lenguaje_Musical","1P",7,"SÍ"
"Teoría","Lenguaje_Musical","1P",9,"SÍ"
"Teoría","Lenguaje_Musical","1E",6,"SÍ"
"Teoría","Lenguaje_Musical","3E",3,"NO"
"Teoría","Lenguaje_Musical","2E",6,"SÍ"
"Teoría","Lenguaje_Musical","2P",6,"SÍ"
"Teoría","Lenguaje_Musical","2P",4,"NO"
"Teoría","Lenguaje_Musical","4E",4,"NO"
"Teoría","Lenguaje_Musical","4E",NA,NA
"Teoría","Lenguaje_Musical","2P",5,"SÍ"
"Teoría","Lenguaje_Musical","4E",6,"SÍ"
"Teoría","Lenguaje_Musical","3E",6,"SÍ"
"Teoría","Lenguaje_Musical","3E",6,"SÍ"
"Teoría","Lenguaje_Musical","4E",6,"SÍ"
"Teoría","Lenguaje_Musical","4E",6,"SÍ"
"Teoría","Lenguaje_Musical","4E",4,"NO"
"Teoría","Lenguaje_Musical","4E",4,"NO"
"Teoría","Lenguaje_Musical","1E",7,"SÍ"
"Teoría","Lenguaje_Musical","2E",7,"SÍ"
"Teoría","Lenguaje_Musical","2E",7,"SÍ"
"Teoría","Lenguaje_Musical","4E",6,"SÍ"
"Teoría","Lenguaje_Musical","4E",5,"SÍ"
"Teoría","Lenguaje_Musical","4E",8,"SÍ"
"Teoría","Lenguaje_Musical","4E",8,"SÍ"
"Teoría","Lenguaje_Musical","4E",6,"SÍ"
"Teoría","Lenguaje_Musical","2E",7,"SÍ"
"Teoría","Lenguaje_Musical","2E",4,"NO"
"Teoría","Lenguaje_Musical","2E",6,"SÍ"
"Teoría","Lenguaje_Musical","2E",5,"SÍ"
"Teoría","Lenguaje_Musical","2E",10,"SÍ"
"Teoría","Lenguaje_Musical","2P",4,"NO"
"Teoría","Lenguaje_Musical","4E",6,"SÍ"
"Teoría","Lenguaje_Musical","4E",NA,NA
"Teoría","Lenguaje_Musical","1E",4,"NO"
"Teoría","Lenguaje_Musical","2P",7,"SÍ"
"Teoría","Lenguaje_Musical","2E",6,"SÍ"
"Teoría","Lenguaje_Musical","2E",5,"SÍ"
"Teoría","Lenguaje_Musical","2E",5,"SÍ"
"Teoría","Lenguaje_Musical","2E",9,"SÍ"
"Teoría","Lenguaje_Musical","2E",4,"NO"
"Teoría","Lenguaje_Musical","2E",8,"SÍ"
"Teoría","Lenguaje_Musical","2E",4,"NO"
"Teoría","Lenguaje_Musical","2E",NA,NA
"Teoría","Lenguaje_Musical","2E",7,"SÍ"
"Teoría","Lenguaje_Musical","2P",4,"NO"
"Teoría","Lenguaje_Musical","4E",8,"SÍ"
"Teoría","Lenguaje_Musical","4E",5,"SÍ"
"Teoría","Lenguaje_Musical","4E",8,"SÍ"
"Teoría","Lenguaje_Musical","4E",4,"NO"
"Teoría","Lenguaje_Musical","4E",6,"SÍ"
"Teoría","Lenguaje_Musical","3E",5,"SÍ"
"Teoría","Lenguaje_Musical","2E",6,"SÍ"
"Teoría","Lenguaje_Musical","3E",6,"SÍ"
"Teoría","Lenguaje_Musical","4E",4,"NO"
"Teoría","Lenguaje_Musical","3E",9,"SÍ"
"Teoría","Lenguaje_Musical","4E",9,"SÍ"
"Teoría","Lenguaje_Musical","3E",7,"SÍ"
"Teoría","Lenguaje_Musical","2E",7,"SÍ"
"Teoría","Lenguaje_Musical","1E",6,"SÍ"
"Teoría","Lenguaje_Musical","1E",5,"SÍ"
"Teoría","Lenguaje_Musical","1E",6,"SÍ"
"Teoría","Lenguaje_Musical","1E",6,"SÍ"
"Teoría","Lenguaje_Musical","2E",7,"SÍ"
"Teoría","Lenguaje_Musical","1E",7,"SÍ"
"Teoría","Lenguaje_Musical","1E",8,"SÍ"
"Teoría","Lenguaje_Musical","1E",4,"NO"
"Teoría","Lenguaje_Musical","1E",5,"SÍ"
"Teoría","Lenguaje_Musical","1E",8,"SÍ"
"Teoría","Lenguaje_Musical","1E",5,"SÍ"
"Teoría","Lenguaje_Musical","2P",4,"NO"
"Teoría","Lenguaje_Musical","4E",5,"SÍ"
"Teoría","Lenguaje_Musical","4E",4,"NO"
"Teoría","Lenguaje_Musical","2P",7,"SÍ"
"Teoría","Lenguaje_Musical","2P",7,"SÍ"
"Teoría","Lenguaje_Musical","3E",9,"SÍ"
"Teoría","Lenguaje_Musical","2E",8,"SÍ"
"Teoría","Lenguaje_Musical","2P",6,"SÍ"
"Teoría","Lenguaje_Musical","4E",6,"SÍ"
"Teoría","Lenguaje_Musical","3E",6,"SÍ"
"Teoría","Lenguaje_Musical","3E",4,"NO"
"Teoría","Lenguaje_Musical","2E",8,"SÍ"
"Teoría","Lenguaje_Musical","1E",6,"SÍ"
"Teoría","Lenguaje_Musical","1E",5,"SÍ"
"Teoría","Lenguaje_Musical","2P",8,"SÍ"
"Teoría","Lenguaje_Musical","3E",NA,NA
"Teoría","Lenguaje_Musical","1E",9,"SÍ"
"Teoría","Lenguaje_Musical","3E",7,"SÍ"
"Teoría","Lenguaje_Musical","3E",5,"SÍ"
"Teoría","Lenguaje_Musical","3E",NA,NA
"Teoría","Lenguaje_Musical","3E",7,"SÍ"
"Teoría","Lenguaje_Musical","3E",7,"SÍ"
"Teoría","Lenguaje_Musical","1E",6,"SÍ"
"Teoría","Lenguaje_Musical","3E",8,"SÍ"
"Teoría","Lenguaje_Musical","2P",6,"SÍ"
"Teoría","Lenguaje_Musical","1E",5,"SÍ"
"Teoría","Lenguaje_Musical","3E",5,"SÍ"
"Teoría","Lenguaje_Musical","2E",6,"SÍ"
"Teoría","Lenguaje_Musical","4E",4,"NO"
"Teoría","Lenguaje_Musical","1E",6,"SÍ"
"Teoría","Lenguaje_Musical","1E",7,"SÍ"
"Teoría","Lenguaje_Musical","2P",NA,NA
"Teoría","Lenguaje_Musical","3E",NA,NA
"Teoría","Lenguaje_Musical","2E",4,"NO"
"Teoría","Lenguaje_Musical","2P",8,"SÍ"
"Teoría","Lenguaje_Musical","2P",7,"SÍ"
"Teoría","Lenguaje_Musical","2P",7,"SÍ"
"Teoría","Lenguaje_Musical","4E",1,"NO"
"Teoría","Lenguaje_Musical","4E",6,"SÍ"
"Teoría","Lenguaje_Musical","4E",5,"SÍ"
"Teoría","Lenguaje_Musical","4E",4,"NO"
"Teoría","Lenguaje_Musical","1E",4,"NO"
"Teoría","Lenguaje_Musical","2E",5,"SÍ"
"Teoría","Lenguaje_Musical","4E",7,"SÍ"
"Teoría","Lenguaje_Musical","2E",8,"SÍ"
"Teoría","Lenguaje_Musical","2E",6,"SÍ"
"Teoría","Lenguaje_Musical","2E",6,"SÍ"
"Teoría","Lenguaje_Musical","4E",9,"SÍ"
"Teoría","Lenguaje_Musical","4E",4,"NO"
"Teoría","Lenguaje_Musical","4E",7,"SÍ"
"Teoría","Lenguaje_Musical","1E",6,"SÍ"
"Teoría","Lenguaje_Musical","4E",1,"NO"
"Teoría","Lenguaje_Musical","1E",6,"SÍ"
"Teoría","Lenguaje_Musical","4E",4,"NO"
"Teoría","Lenguaje_Musical","1E",5,"SÍ"
"Teoría","Lenguaje_Musical","3E",NA,NA
"Teoría","Lenguaje_Musical","2E",4,"NO"
"Teoría","Lenguaje_Musical","1E",5,"SÍ"
"Teoría","Lenguaje_Musical","1E",7,"SÍ"
"Teoría","Lenguaje_Musical","3E",5,"SÍ"
"Teoría","Lenguaje_Musical","3E",8,"SÍ"
"Teoría","Lenguaje_Musical","2E",6,"SÍ"
"Teoría","Lenguaje_Musical","2P",7,"SÍ"
"Teoría","Lenguaje_Musical","2E",8,"SÍ"
"Teoría","Lenguaje_Musical","1E",7,"SÍ"
"Teoría","Lenguaje_Musical","1E",6,"SÍ"
"Teoría","Lenguaje_Musical","2E",4,"NO"
"Teoría","Lenguaje_Musical","1E",7,"SÍ"
"Teoría","Lenguaje_Musical","2E",5,"SÍ"
"Teoría","Lenguaje_Musical","1E",7,"SÍ"
"Teoría","Lenguaje_Musical","1P",6,"SÍ"
"Teoría","Lenguaje_Musical","1E",10,"SÍ"
"Teoría","Lenguaje_Musical","1E",8,"SÍ"
"Teoría","Lenguaje_Musical","4E",4,"NO"
"Teoría","Lenguaje_Musical","4E",6,"SÍ"
"Teoría","Lenguaje_Musical","1E",7,"SÍ"
"Teoría","Lenguaje_Musical","4E",9,"SÍ"
"Teoría","Lenguaje_Musical","1E",7,"SÍ"
"Teoría","Lenguaje_Musical","2E",7,"SÍ"
"Teoría","Lenguaje_Musical","1E",7,"SÍ"
"Teoría","Lenguaje_Musical","3E",4,"NO"
"Teoría","Lenguaje_Musical","1E",7,"SÍ"
"Teoría","Lenguaje_Musical","1E",7,"SÍ"
"Teoría","Lenguaje_Musical","1E",6,"SÍ"
"Teoría","Lenguaje_Musical","3E",5,"SÍ"
"Teoría","Lenguaje_Musical","1E",4,"NO"
"Teoría","Lenguaje_Musical","1E",5,"SÍ"
"Teoría","Lenguaje_Musical","1E",6,"SÍ"
"Teoría","Lenguaje_Musical","1E",9,"SÍ"
"Agrupaciones","Música_de_Cámara","3P",6,"SÍ"
"Agrupaciones","Música_de_Cámara","5P",9,"SÍ"
"Agrupaciones","Música_de_Cámara","3P",8,"SÍ"
"Agrupaciones","Música_de_Cámara","3P",NA,NA
"Agrupaciones","Música_de_Cámara","3P",7,"SÍ"
"Agrupaciones","Música_de_Cámara","6P",8,"SÍ"
"Agrupaciones","Música_de_Cámara","6P",NA,NA
"Agrupaciones","Música_de_Cámara","4P",9,"SÍ"
"Agrupaciones","Música_de_Cámara","6P",NA,NA
"Agrupaciones","Música_de_Cámara","5P",9,"SÍ"
"Agrupaciones","Música_de_Cámara","6P",9,"SÍ"
"Agrupaciones","Música_de_Cámara","6P",9,"SÍ"
"Agrupaciones","Música_de_Cámara","3P",7,"SÍ"
"Agrupaciones","Música_de_Cámara","3P",8,"SÍ"
"Agrupaciones","Música_de_Cámara","3P",8,"SÍ"
"Agrupaciones","Música_de_Cámara","4P",6,"SÍ"
"Agrupaciones","Música_de_Cámara","4P",9,"SÍ"
"Agrupaciones","Música_de_Cámara","4P",9,"SÍ"
"Agrupaciones","Música_de_Cámara","6P",9,"SÍ"
"Agrupaciones","Música_de_Cámara","4P",9,"SÍ"
"Agrupaciones","Música_de_Cámara","4P",NA,NA
"Agrupaciones","Música_de_Cámara","6P",9,"SÍ"
"Agrupaciones","Música_de_Cámara","5P",9,"SÍ"
"Agrupaciones","Música_de_Cámara","5P",8,"SÍ"
"Agrupaciones","Música_de_Cámara","6P",8,"SÍ"
"Agrupaciones","Música_de_Cámara","3P",NA,NA
"Agrupaciones","Música_de_Cámara","3P",9,"SÍ"
"Agrupaciones","Música_de_Cámara","3P",9,"SÍ"
"Agrupaciones","Música_de_Cámara","3P",8,"SÍ"
"Agrupaciones","Música_de_Cámara","4P",NA,NA
"Agrupaciones","Música_de_Cámara","3P",5,"SÍ"
"Agrupaciones","Música_de_Cámara","4P",9,"SÍ"
"Agrupaciones","Música_de_Cámara","5P",6,"SÍ"
"Agrupaciones","Música_de_Cámara","3P",8,"SÍ"
"Agrupaciones","Música_de_Cámara","3P",NA,NA
"Agrupaciones","Música_de_Cámara","5P",9,"SÍ"
"Agrupaciones","Música_de_Cámara","6P",8,"SÍ"
"Agrupaciones","Música_de_Cámara","5P",8,"SÍ"
"Agrupaciones","Música_de_Cámara","6P",6,"SÍ"
"Agrupaciones","Música_de_Cámara","6P",6,"SÍ"
"Agrupaciones","Música_de_Cámara","5P",8,"SÍ"
"Agrupaciones","Música_de_Cámara","5P",8,"SÍ"
"Agrupaciones","Música_de_Cámara","4P",9,"SÍ"
"Agrupaciones","Música_de_Cámara","6P",9,"SÍ"
"Agrupaciones","Música_de_Cámara","3P",9,"SÍ"
"Agrupaciones","Música_de_Cámara","3P",7,"SÍ"
"Agrupaciones","Música_de_Cámara","6P",10,"SÍ"
"Agrupaciones","Música_de_Cámara","5P",9,"SÍ"
"Agrupaciones","Música_de_Cámara","5P",8,"SÍ"
"Agrupaciones","Música_de_Cámara","4P",9,"SÍ"
"Agrupaciones","Música_de_Cámara","5P",9,"SÍ"
"Agrupaciones","Música_de_Cámara","3P",5,"SÍ"
"Agrupaciones","Música_de_Cámara","6P",10,"SÍ"
"Agrupaciones","Música_de_Cámara","5P",9,"SÍ"
"Agrupaciones","Música_de_Cámara","4P",NA,NA
"Agrupaciones","Música_de_Cámara","3P",7,"SÍ"
"Agrupaciones","Música_de_Cámara","4P",8,"SÍ"
"Agrupaciones","Música_de_Cámara","4P",9,"SÍ"
"Agrupaciones","Música_de_Cámara","4P",9,"SÍ"
"Agrupaciones","Música_de_Cámara","6P",9,"SÍ"
"Agrupaciones","Música_de_Cámara","6P",NA,NA
"Agrupaciones","Música_de_Cámara","3P",9,"SÍ"
"Agrupaciones","Música_de_Cámara","6P",8,"SÍ"
"Agrupaciones","Música_de_Cámara","6P",9,"SÍ"
"Agrupaciones","Música_de_Cámara","5P",9,"SÍ"
"Agrupaciones","Música_de_Cámara","4P",9,"SÍ"
"Agrupaciones","Música_de_Cámara","4P",9,"SÍ"
"Agrupaciones","Música_de_Cámara","3P",9,"SÍ"
"Agrupaciones","Música_de_Cámara","3P",7,"SÍ"
"Agrupaciones","Música_de_Cámara","3P",7,"SÍ"
"Agrupaciones","Música_de_Cámara","4P",7,"SÍ"
"Agrupaciones","Música_de_Cámara","4P",9,"SÍ"
"Agrupaciones","Música_de_Cámara","5P",8,"SÍ"
"Agrupaciones","Música_de_Cámara","3P",10,"SÍ"
"Viento_Madera","Oboe","2E",8,"SÍ"
"Viento_Madera","Oboe","2P",7,"SÍ"
"Viento_Madera","Oboe","2E",7,"SÍ"
"Viento_Madera","Oboe","1E",10,"SÍ"
"Viento_Madera","Oboe","6P",9,"SÍ"
"Viento_Madera","Oboe","3E",7,"SÍ"
"Viento_Madera","Oboe","1P",1,"NO"
"Viento_Madera","Oboe","1E",7,"SÍ"
"Viento_Madera","Oboe","3E",9,"SÍ"
"Viento_Madera","Oboe","2P",7,"SÍ"
"Viento_Madera","Oboe","2P",7,"SÍ"
"Viento_Madera","Oboe","1E",8,"SÍ"
"Viento_Madera","Oboe","3E",8,"SÍ"
"Viento_Madera","Oboe","2P",8,"SÍ"
"Viento_Madera","Oboe","2P",8,"SÍ"
"Viento_Madera","Oboe","2E",10,"SÍ"
"Viento_Madera","Oboe","3E",8,"SÍ"
"Agrupaciones","Orquesta","4P",6,"SÍ"
"Agrupaciones","Orquesta","1P",6,"SÍ"
"Agrupaciones","Orquesta","3P",5,"SÍ"
"Agrupaciones","Orquesta","2P",7,"SÍ"
"Agrupaciones","Orquesta","1P",8,"SÍ"
"Agrupaciones","Orquesta","4P",7,"SÍ"
"Agrupaciones","Orquesta","5P",8,"SÍ"
"Agrupaciones","Orquesta","6P",8,"SÍ"
"Agrupaciones","Orquesta","6P",5,"SÍ"
"Agrupaciones","Orquesta","1P",7,"SÍ"
"Agrupaciones","Orquesta","1P",7,"SÍ"
"Agrupaciones","Orquesta","2P",7,"SÍ"
"Agrupaciones","Orquesta","2P",6,"SÍ"
"Agrupaciones","Orquesta","2P",6,"SÍ"
"Agrupaciones","Orquesta","6P",NA,NA
"Agrupaciones","Orquesta","6P",7,"SÍ"
"Agrupaciones","Orquesta","3P",NA,NA
"Agrupaciones","Orquesta","1P",8,"SÍ"
"Agrupaciones","Orquesta","4P",8,"SÍ"
"Agrupaciones","Orquesta","4P",8,"SÍ"
"Agrupaciones","Orquesta","4P",8,"SÍ"
"Agrupaciones","Orquesta","3P",7,"SÍ"
"Agrupaciones","Orquesta","2P",7,"SÍ"
"Agrupaciones","Orquesta","2P",7,"SÍ"
"Agrupaciones","Orquesta","1P",7,"SÍ"
"Agrupaciones","Orquesta","1P",6,"SÍ"
"Agrupaciones","Orquesta","4P",NA,NA
"Agrupaciones","Orquesta","2P",6,"SÍ"
"Agrupaciones","Orquesta","1P",7,"SÍ"
"Agrupaciones","Orquesta","1P",8,"SÍ"
"Agrupaciones","Orquesta","2P",7,"SÍ"
"Agrupaciones","Orquesta","2P",NA,NA
"Agrupaciones","Orquesta","1P",8,"SÍ"
"Agrupaciones","Orquesta","2P",8,"SÍ"
"Agrupaciones","Orquesta","1P",7,"SÍ"
"Agrupaciones","Orquesta","1P",6,"SÍ"
"Agrupaciones","Orquesta","4P",6,"SÍ"
"Agrupaciones","Orquesta","1P",7,"SÍ"
"Agrupaciones","Orquesta","5P",8,"SÍ"
"Agrupaciones","Orquesta","6P",10,"SÍ"
"Agrupaciones","Orquesta","5P",9,"SÍ"
"Agrupaciones","Orquesta","1P",6,"SÍ"
"Optativa","PA1E","1E",7,"SÍ"
"Optativa","PA1E","1E",7,"SÍ"
"Optativa","PA1E","1E",NA,NA
"Optativa","PA1E","1E",7,"SÍ"
"Optativa","PA1E","1E",7,"SÍ"
"Optativa","PA1E","1E",5,"SÍ"
"Optativa","PA1E","1E",5,"SÍ"
"Optativa","PA1E","1E",7,"SÍ"
"Optativa","PA1E","1E",6,"SÍ"
"Optativa","PA1E","1E",9,"SÍ"
"Optativa","PA1E","1E",6,"SÍ"
"Optativa","PA1E","1E",6,"SÍ"
"Optativa","PA1E","1E",7,"SÍ"
"Optativa","PA1E","1E",6,"SÍ"
"Optativa","PA1E","1E",5,"SÍ"
"Optativa","PA1E","1E",5,"SÍ"
"Optativa","PA1E","1E",8,"SÍ"
"Optativa","PA1E","1E",6,"SÍ"
"Optativa","PA1E","1E",5,"SÍ"
"Optativa","PA1E","1E",9,"SÍ"
"Optativa","PA1E","1E",8,"SÍ"
"Optativa","PA1E","1E",8,"SÍ"
"Optativa","PA1E","1E",8,"SÍ"
"Optativa","PA1E","1E",6,"SÍ"
"Optativa","PA1E","1E",7,"SÍ"
"Optativa","PA1E","1E",7,"SÍ"
"Optativa","PA1E","1E",8,"SÍ"
"Optativa","PA1E","1E",NA,NA
"Optativa","PA1E","1E",6,"SÍ"
"Optativa","PA1E","1E",7,"SÍ"
"Optativa","PA1E","1E",7,"SÍ"
"Optativa","PA1E","1E",7,"SÍ"
"Optativa","PA1E","1E",7,"SÍ"
"Optativa","PA1E","1E",8,"SÍ"
"Optativa","PA1E","1E",8,"SÍ"
"Optativa","PA1E","1E",7,"SÍ"
"Optativa","PA1E","1E",7,"SÍ"
"Optativa","PA1E","1E",6,"SÍ"
"Optativa","PA1E","1E",8,"SÍ"
"Optativa","PA1E","1E",8,"SÍ"
"Optativa","PA1E","1E",7,"SÍ"
"Optativa","PA1E","1E",6,"SÍ"
"Optativa","PA1E","1E",9,"SÍ"
"Optativa","PA1E","1E",7,"SÍ"
"Optativa","PA1E","1E",7,"SÍ"
"Optativa","PA1E","1E",7,"SÍ"
"Optativa","PA1E","1E",7,"SÍ"
"Optativa","PA1E","1E",5,"SÍ"
"Optativa","PA1E","1E",7,"SÍ"
"Optativa","PA1E","1E",7,"SÍ"
"Optativa","PA1E","1E",8,"SÍ"
"Optativa","PA1E","1E",9,"SÍ"
"Optativa","PA1E","1E",6,"SÍ"
"Optativa","PA1E","1E",6,"SÍ"
"Optativa","PA1E","1E",8,"SÍ"
"Optativa","PA1E","1E",5,"SÍ"
"Optativa","PA1E","1E",8,"SÍ"
"Optativa","PA1E","1E",5,"SÍ"
"Optativa","PA1E","1E",6,"SÍ"
"Optativa","PA1E","1E",NA,NA
"Optativa","PA1E","1E",7,"SÍ"
"Optativa","PA1E","1E",5,"SÍ"
"Optativa","PA1E","1E",8,"SÍ"
"Optativa","PA1E","1E",7,"SÍ"
"Optativa","PA1E","1E",7,"SÍ"
"Optativa","PA1E","1E",6,"SÍ"
"Optativa","PA1E","1E",8,"SÍ"
"Optativa","PA1E","1E",9,"SÍ"
"Optativa","PA1E","1E",NA,NA
"Optativa","PA1E","1E",7,"SÍ"
"Optativa","PA1E","1E",8,"SÍ"
"Optativa","PA1E","1E",6,"SÍ"
"Optativa","PA1E","1E",6,"SÍ"
"Optativa","PA1E","1E",9,"SÍ"
"Optativa","PA1E","1E",8,"SÍ"
"Optativa","PA1E","1E",7,"SÍ"
"Optativa","PA1E","1E",8,"SÍ"
"Optativa","PA1E","1E",5,"SÍ"
"Optativa","PA1E","1E",8,"SÍ"
"Optativa","PA1E","1E",7,"SÍ"
"Optativa","PA1E","1E",9,"SÍ"
"Optativa","PA1E","1E",7,"SÍ"
"Optativa","PA1E","1E",8,"SÍ"
"Piano","Piano_Complementario","4P",6,"SÍ"
"Piano","Piano_Complementario","3P",4,"NO"
"Piano","Piano_Complementario","6P",9,"SÍ"
"Piano","Piano_Complementario","3P",7,"SÍ"
"Piano","Piano_Complementario","4P",5,"SÍ"
"Piano","Piano_Complementario","4P",7,"SÍ"
"Piano","Piano_Complementario","6P",6,"SÍ"
"Piano","Piano_Complementario","3P",NA,NA
"Piano","Piano_Complementario","4P",7,"SÍ"
"Piano","Piano_Complementario","3P",8,"SÍ"
"Piano","Piano_Complementario","3P",10,"SÍ"
"Piano","Piano_Complementario","4P",6,"SÍ"
"Piano","Piano_Complementario","4P",5,"SÍ"
"Piano","Piano_Complementario","3P",6,"SÍ"
"Piano","Piano_Complementario","5P",8,"SÍ"
"Piano","Piano_Complementario","6P",5,"SÍ"
"Piano","Piano_Complementario","4P",6,"SÍ"
"Piano","Piano_Complementario","6P",NA,NA
"Piano","Piano_Complementario","5P",6,"SÍ"
"Piano","Piano_Complementario","3P",7,"SÍ"
"Piano","Piano_Complementario","3P",6,"SÍ"
"Piano","Piano_Complementario","5P",9,"SÍ"
"Piano","Piano_Complementario","6P",8,"SÍ"
"Piano","Piano_Complementario","4P",8,"SÍ"
"Piano","Piano_Complementario","4P",8,"SÍ"
"Piano","Piano_Complementario","5P",8,"SÍ"
"Piano","Piano_Complementario","4P",5,"SÍ"
"Piano","Piano_Complementario","4P",5,"SÍ"
"Piano","Piano_Complementario","6P",NA,NA
"Piano","Piano_Complementario","3P",7,"SÍ"
"Piano","Piano_Complementario","3P",8,"SÍ"
"Piano","Piano_Complementario","5P",6,"SÍ"
"Piano","Piano_Complementario","6P",10,"SÍ"
"Piano","Piano_Complementario","6P",9,"SÍ"
"Piano","Piano_Complementario","3P",8,"SÍ"
"Piano","Piano_Complementario","4P",6,"SÍ"
"Piano","Piano_Complementario","4P",9,"SÍ"
"Piano","Piano_Complementario","4P",NA,NA
"Piano","Piano_Complementario","4P",NA,NA
"Piano","Piano_Complementario","6P",8,"SÍ"
"Piano","Piano_Complementario","3P",7,"SÍ"
"Piano","Piano_Complementario","5P",NA,NA
"Piano","Piano_Complementario","5P",8,"SÍ"
"Piano","Piano_Complementario","5P",7,"SÍ"
"Piano","Piano_Complementario","3P",NA,NA
"Piano","Piano_Complementario","5P",6,"SÍ"
"Piano","Piano_Complementario","4P",6,"SÍ"
"Piano","Piano_Complementario","6P",8,"SÍ"
"Piano","Piano_Complementario","6P",9,"SÍ"
"Piano","Piano_Complementario","6P",7,"SÍ"
"Piano","Piano_Complementario","4P",NA,NA
"Piano","Piano_Complementario","6P",NA,NA
"Piano","Piano_Complementario","4P",NA,NA
"Piano","Piano_Complementario","5P",8,"SÍ"
"Piano","Piano_Complementario","6P",NA,NA
"Piano","Piano_Complementario","5P",5,"SÍ"
"Piano","Piano_Complementario","6P",NA,NA
"Piano","Piano_Complementario","3P",NA,NA
"Piano","Piano_Complementario","6P",9,"SÍ"
"Viento_Metal_Percusión","Percusión","1P",7,"SÍ"
"Viento_Metal_Percusión","Percusión","1E",9,"SÍ"
"Viento_Metal_Percusión","Percusión","2E",8,"SÍ"
"Viento_Metal_Percusión","Percusión","1P",6,"SÍ"
"Viento_Metal_Percusión","Percusión","2E",9,"SÍ"
"Viento_Metal_Percusión","Percusión","4E",4,"NO"
"Viento_Metal_Percusión","Percusión","2P",7,"SÍ"
"Viento_Metal_Percusión","Percusión","4E",6,"SÍ"
"Viento_Metal_Percusión","Percusión","1E",9,"SÍ"
"Viento_Metal_Percusión","Percusión","2E",7,"SÍ"
"Viento_Metal_Percusión","Percusión","1E",9,"SÍ"
"Viento_Metal_Percusión","Percusión","1E",9,"SÍ"
"Viento_Metal_Percusión","Percusión","5P",4,"NO"
"Viento_Metal_Percusión","Percusión","2E",7,"SÍ"
"Viento_Metal_Percusión","Percusión","2E",10,"SÍ"
"Viento_Metal_Percusión","Percusión","1P",6,"SÍ"
"Viento_Metal_Percusión","Percusión","1E",7,"SÍ"
"Viento_Metal_Percusión","Percusión","4E",4,"NO"
"Viento_Metal_Percusión","Percusión","1P",7,"SÍ"
"Viento_Metal_Percusión","Percusión","5P",9,"SÍ"
"Viento_Metal_Percusión","Percusión","3E",NA,NA
"Viento_Metal_Percusión","Percusión","2E",7,"SÍ"
"Viento_Metal_Percusión","Percusión","3E",9,"SÍ"
"Viento_Metal_Percusión","Percusión","2P",4,"NO"
"Piano","Piano","3P",7,"SÍ"
"Piano","Piano","3P",8,"SÍ"
"Piano","Piano","3E",9,"SÍ"
"Piano","Piano","1E",6,"SÍ"
"Piano","Piano","2E",5,"SÍ"
"Piano","Piano","2E",8,"SÍ"
"Piano","Piano","4E",5,"SÍ"
"Piano","Piano","4E",10,"SÍ"
"Piano","Piano","3E",9,"SÍ"
"Piano","Piano","2E",5,"SÍ"
"Piano","Piano","3E",8,"SÍ"
"Piano","Piano","4E",7,"SÍ"
"Piano","Piano","3E",1,"NO"
"Piano","Piano","3P",3,"NO"
"Piano","Piano","3E",3,"NO"
"Piano","Piano","1E",7,"SÍ"
"Piano","Piano","3P",7,"SÍ"
"Piano","Piano","1E",9,"SÍ"
"Piano","Piano","3E",9,"SÍ"
"Piano","Piano","2E",NA,NA
"Piano","Piano","1P",6,"SÍ"
"Piano","Piano","4E",7,"SÍ"
"Piano","Piano","3P",8,"SÍ"
"Piano","Piano","3E",6,"SÍ"
"Piano","Piano","3E",9,"SÍ"
"Piano","Piano","3E",6,"SÍ"
"Piano","Piano","3E",7,"SÍ"
"Piano","Piano","3E",NA,NA
"Piano","Piano","3E",3,"NO"
"Piano","Piano","1E",5,"SÍ"
"Piano","Piano","2P",8,"SÍ"
"Piano","Piano","2P",3,"NO"
"Piano","Piano","4E",1,"NO"
"Piano","Piano","2E",0,"NO"
"Piano","Piano","2E",1,"NO"
"Piano","Piano","3E",NA,NA
"Piano","Piano","4E",9,"SÍ"
"Piano","Piano","4E",3,"NO"
"Piano","Piano","4E",8,"SÍ"
"Piano","Piano","4E",7,"SÍ"
"Piano","Piano","6P",6,"SÍ"
"Piano","Piano","2P",9,"SÍ"
"Piano","Piano","3P",10,"SÍ"
"Piano","Piano","1P",5,"SÍ"
"Piano","Piano","2E",6,"SÍ"
"Piano","Piano","2E",8,"SÍ"
"Piano","Piano","1P",6,"SÍ"
"Piano","Piano","3E",8,"SÍ"
"Piano","Piano","2P",8,"SÍ"
"Piano","Piano","3P",9,"SÍ"
"Piano","Piano","3P",6,"SÍ"
"Piano","Piano","6P",4,"NO"
"Piano","Piano","6P",10,"SÍ"
"Piano","Piano","2E",NA,NA
"Piano","Piano","2E",NA,NA
"Piano","Piano","2P",6,"SÍ"
"Piano","Piano","2P",8,"SÍ"
"Piano","Piano","5P",6,"SÍ"
"Piano","Piano","2P",7,"SÍ"
"Piano","Piano","2E",1,"NO"
"Piano","Piano","5P",5,"SÍ"
"Piano","Piano","3P",6,"SÍ"
"Piano","Piano","3P",5,"SÍ"
"Piano","Piano","2E",6,"SÍ"
"Piano","Piano","1P",1,"NO"
"Piano","Piano","2E",5,"SÍ"
"Piano","Piano","5P",5,"SÍ"
"Piano","Piano","4P",8,"SÍ"
"Piano","Piano","3P",10,"SÍ"
"Piano","Piano","2E",1,"NO"
"Piano","Piano","1P",6,"SÍ"
"Piano","Piano","2P",8,"SÍ"
"Piano","Piano","2P",3,"NO"
"Piano","Piano","2E",9,"SÍ"
"Piano","Piano","5P",6,"SÍ"
"Piano","Piano","2P",7,"SÍ"
"Piano","Piano","1E",8,"SÍ"
"Piano","Piano","2E",0,"NO"
"Piano","Piano","2P",6,"SÍ"
"Piano","Piano","2P",NA,NA
"Piano","Piano","2E",8,"SÍ"
"Piano","Piano","5P",4,"NO"
"Piano","Piano","1P",1,"NO"
"Piano","Conjunto_Piano","2P",7,"SÍ"
"Piano","Conjunto_Piano","2P",8,"SÍ"
"Piano","Conjunto_Piano","2P",8,"SÍ"
"Piano","Conjunto_Piano","2P",6,"SÍ"
"Piano","Conjunto_Piano","2P",5,"SÍ"
"Piano","Conjunto_Piano","2P",6,"SÍ"
"Piano","Conjunto_Piano","3P",NA,NA
"Piano","Conjunto_Piano","3P",10,"SÍ"
"Piano","Conjunto_Piano","1P",7,"SÍ"
"Piano","Conjunto_Piano","2P",9,"SÍ"
"Piano","Conjunto_Piano","4P",8,"SÍ"
"Piano","Conjunto_Piano","3P",8,"SÍ"
"Piano","Conjunto_Piano","3P",6,"SÍ"
"Piano","Conjunto_Piano","1P",6,"SÍ"
"Piano","Conjunto_Piano","3P",5,"SÍ"
"Piano","Conjunto_Piano","2P",8,"SÍ"
"Piano","Conjunto_Piano","3P",9,"SÍ"
"Piano","Conjunto_Piano","3P",6,"SÍ"
"Piano","Conjunto_Piano","3P",7,"SÍ"
"Piano","Conjunto_Piano","2P",7,"SÍ"
"Piano","Conjunto_Piano","2P",9,"SÍ"
"Piano","Conjunto_Piano","3P",8,"SÍ"
"Piano","Conjunto_Piano","3P",7,"SÍ"
"Viento_Madera","Saxofón","3E",7,"SÍ"
"Viento_Madera","Saxofón","4E",7,"SÍ"
"Viento_Madera","Saxofón","4P",9,"SÍ"
"Viento_Madera","Saxofón","4E",7,"SÍ"
"Viento_Madera","Saxofón","4E",8,"SÍ"
"Viento_Madera","Saxofón","1E",8,"SÍ"
"Viento_Madera","Saxofón","4E",4,"NO"
"Viento_Madera","Saxofón","3E",5,"SÍ"
"Viento_Madera","Saxofón","1E",8,"SÍ"
"Viento_Madera","Saxofón","3E",0,"NO"
"Viento_Madera","Saxofón","1E",6,"SÍ"
"Viento_Madera","Saxofón","6P",5,"SÍ"
"Viento_Madera","Saxofón","1E",5,"SÍ"
"Viento_Madera","Saxofón","4P",7,"SÍ"
"Viento_Madera","Saxofón","1E",7,"SÍ"
"Viento_Madera","Saxofón","2P",8,"SÍ"
"Viento_Metal_Percusión","Trombón","4E",4,"NO"
"Viento_Metal_Percusión","Trombón","4P",NA,NA
"Viento_Metal_Percusión","Trombón","4P",5,"SÍ"
"Viento_Metal_Percusión","Trombón","1P",7,"SÍ"
"Viento_Metal_Percusión","Trombón","4E",4,"NO"
"Viento_Metal_Percusión","Trombón","3E",NA,NA
"Viento_Metal_Percusión","Trombón","2E",7,"SÍ"
"Viento_Metal_Percusión","Trombón","1E",8,"SÍ"
"Viento_Metal_Percusión","Trombón","1E",5,"SÍ"
"Viento_Metal_Percusión","Trombón","4E",8,"SÍ"
"Viento_Metal_Percusión","Trombón","2E",5,"SÍ"
"Viento_Metal_Percusión","Trombón","4P",8,"SÍ"
"Viento_Metal_Percusión","Trombón","2E",10,"SÍ"
"Viento_Metal_Percusión","Trombón","1P",8,"SÍ"
"Viento_Metal_Percusión","Trombón","3P",NA,NA
"Viento_Metal_Percusión","Trompa","3E",NA,NA
"Viento_Metal_Percusión","Trompa","1E",9,"SÍ"
"Viento_Metal_Percusión","Trompa","2E",8,"SÍ"
"Viento_Metal_Percusión","Trompa","4E",8,"SÍ"
"Viento_Metal_Percusión","Trompa","3E",8,"SÍ"
"Viento_Metal_Percusión","Trompa","4E",4,"NO"
"Viento_Metal_Percusión","Trompa","2P",6,"SÍ"
"Viento_Metal_Percusión","Trompa","4E",NA,NA
"Viento_Metal_Percusión","Trompeta","2E",4,"NO"
"Viento_Metal_Percusión","Trompeta","2E",6,"SÍ"
"Viento_Metal_Percusión","Trompeta","3E",7,"SÍ"
"Viento_Metal_Percusión","Trompeta","3P",6,"SÍ"
"Viento_Metal_Percusión","Trompeta","1P",9,"SÍ"
"Viento_Metal_Percusión","Trompeta","1E",8,"SÍ"
"Viento_Metal_Percusión","Trompeta","2E",8,"SÍ"
"Viento_Metal_Percusión","Trompeta","4P",9,"SÍ"
"Viento_Metal_Percusión","Trompeta","4E",9,"SÍ"
"Viento_Metal_Percusión","Trompeta","1E",8,"SÍ"
"Viento_Metal_Percusión","Trompeta","1P",6,"SÍ"
"Viento_Metal_Percusión","Trompeta","5P",NA,NA
"Viento_Metal_Percusión","Trompeta","1P",8,"SÍ"
"Viento_Metal_Percusión","Trompeta","5P",9,"SÍ"
"Viento_Metal_Percusión","Trompeta","2P",9,"SÍ"
"Viento_Metal_Percusión","Trompeta","2P",5,"SÍ"
"Viento_Metal_Percusión","Trompeta","4E",4,"NO"
"Viento_Metal_Percusión","Trompeta","3E",0,"NO"
"Viento_Metal_Percusión","Trompeta","4E",8,"SÍ"
"Viento_Metal_Percusión","Tuba","3P",10,"SÍ"
"Viento_Metal_Percusión","Tuba","1E",10,"SÍ"
"Viento_Metal_Percusión","Tuba","5P",7,"SÍ"
"Viento_Metal_Percusión","Tuba","4E",4,"NO"
"Viento_Metal_Percusión","Tuba","1P",8,"SÍ"
"Viento_Metal_Percusión","Tuba","1P",7,"SÍ"
"Viento_Metal_Percusión","Tuba","4E",7,"SÍ"
"Viento_Metal_Percusión","Tuba","1E",9,"SÍ"
"Cuerda_Arco","Viola","2E",NA,NA
"Cuerda_Arco","Viola","6P",8,"SÍ"
"Cuerda_Arco","Viola","1P",8,"SÍ"
"Cuerda_Arco","Viola","1P",6,"SÍ"
"Cuerda_Arco","Viola","4E",3,"NO"
"Cuerda_Arco","Viola","1P",10,"SÍ"
"Cuerda_Arco","Viola","1P",5,"SÍ"
"Cuerda_Arco","Viola","2E",7,"SÍ"
"Cuerda_Arco","Viola","4E",6,"SÍ"
"Cuerda_Arco","Viola","4E",7,"SÍ"
"Cuerda_Arco","Viola","2E",9,"SÍ"
"Cuerda_Arco","Viola","2P",8,"SÍ"
"Cuerda_Arco","Viola","1P",6,"SÍ"
"Cuerda_Arco","Viola","1E",7,"SÍ"
"Cuerda_Arco","Viola","2E",8,"SÍ"
"Cuerda_Arco","Viola","4P",NA,NA
"Cuerda_Arco","Viola","4E",8,"SÍ"
"Cuerda_Arco","Viola","1P",6,"SÍ"
"Cuerda_Arco","Viola","4P",8,"SÍ"
"Cuerda_Arco","Viola","6P",NA,NA
"Cuerda_Arco","Viola","1P",8,"SÍ"
"Cuerda_Arco","Viola","1P",7,"SÍ"
"Cuerda_Arco","Viola","4E",7,"SÍ"
"Cuerda_Arco","Viola","3E",8,"SÍ"
"Cuerda_Arco","Viola","4E",7,"SÍ"
"Cuerda_Arco","Viola","1E",9,"SÍ"
"Cuerda_Arco","Viola","1P",6,"SÍ"
"Cuerda_Arco","Viola","1E",7,"SÍ"
"Cuerda_Arco","Viola","2E",1,"NO"
"Cuerda_Arco","Viola","1E",5,"SÍ"
"Cuerda_Arco","Viola","1E",6,"SÍ"
"Cuerda_Arco","Viola","3E",9,"SÍ"
"Cuerda_Arco","Viola","4E",5,"SÍ"
"Cuerda_Arco","Viola","3E",7,"SÍ"
"Cuerda_Arco","Viola","3E",8,"SÍ"
"Cuerda_Arco","Viola","1P",9,"SÍ"
"Cuerda_Arco","Viola","6P",4,"NO"
"Cuerda_Arco","Violoncello","4E",4,"NO"
"Cuerda_Arco","Violoncello","1P",8,"SÍ"
"Cuerda_Arco","Violoncello","4E",4,"NO"
"Cuerda_Arco","Violoncello","1P",5,"SÍ"
"Cuerda_Arco","Violoncello","1E",9,"SÍ"
"Cuerda_Arco","Violoncello","2E",8,"SÍ"
"Cuerda_Arco","Violoncello","1P",7,"SÍ"
"Cuerda_Arco","Violoncello","1P",5,"SÍ"
"Cuerda_Arco","Violoncello","2E",9,"SÍ"
"Cuerda_Arco","Violoncello","3E",5,"SÍ"
"Cuerda_Arco","Violoncello","2E",7,"SÍ"
"Cuerda_Arco","Violoncello","4P",9,"SÍ"
"Cuerda_Arco","Violoncello","1E",8,"SÍ"
"Cuerda_Arco","Violoncello","1P",5,"SÍ"
"Cuerda_Arco","Violoncello","1E",8,"SÍ"
"Cuerda_Arco","Violoncello","3E",8,"SÍ"
"Cuerda_Arco","Violoncello","4P",8,"SÍ"
"Cuerda_Arco","Violoncello","1E",8,"SÍ"
"Cuerda_Arco","Violoncello","2P",9,"SÍ"
"Cuerda_Arco","Violoncello","3E",7,"SÍ"
"Cuerda_Arco","Violoncello","1P",5,"SÍ"
"Cuerda_Arco","Violoncello","2E",7,"SÍ"
"Cuerda_Arco","Violoncello","3E",8,"SÍ"
"Cuerda_Arco","Violoncello","4E",9,"SÍ"
"Cuerda_Arco","Violoncello","4E",9,"SÍ"
"Cuerda_Arco","Violoncello","4E",4,"NO"
"Cuerda_Arco","Violoncello","1E",6,"SÍ"
"Cuerda_Arco","Violoncello","4E",9,"SÍ"
"Cuerda_Arco","Violoncello","2P",8,"SÍ"
"Cuerda_Arco","Violoncello","2P",5,"SÍ"
"Cuerda_Arco","Violoncello","1E",NA,NA
"Cuerda_Arco","Violín","1P",7,"SÍ"
"Cuerda_Arco","Violín","5P",6,"SÍ"
"Cuerda_Arco","Violín","1P",6,"SÍ"
"Cuerda_Arco","Violín","3E",9,"SÍ"
"Cuerda_Arco","Violín","1E",6,"SÍ"
"Cuerda_Arco","Violín","1E",7,"SÍ"
"Cuerda_Arco","Violín","1P",4,"NO"
"Cuerda_Arco","Violín","2P",7,"SÍ"
"Cuerda_Arco","Violín","4E",5,"SÍ"
"Cuerda_Arco","Violín","3E",10,"SÍ"
"Cuerda_Arco","Violín","2P",6,"SÍ"
"Cuerda_Arco","Violín","3E",7,"SÍ"
"Cuerda_Arco","Violín","4E",4,"NO"
"Cuerda_Arco","Violín","1P",9,"SÍ"
"Cuerda_Arco","Violín","2E",8,"SÍ"
"Cuerda_Arco","Violín","4E",5,"SÍ"
"Cuerda_Arco","Violín","1P",9,"SÍ"
"Cuerda_Arco","Violín","2E",7,"SÍ"
"Cuerda_Arco","Violín","3E",5,"SÍ"
"Cuerda_Arco","Violín","2E",7,"SÍ"
"Cuerda_Arco","Violín","1E",9,"SÍ"
"Cuerda_Arco","Violín","3E",6,"SÍ"
"Cuerda_Arco","Violín","1P",5,"SÍ"
"Cuerda_Arco","Violín","2E",7,"SÍ"
"Cuerda_Arco","Violín","4P",8,"SÍ"
"Cuerda_Arco","Violín","3E",4,"NO"
"Cuerda_Arco","Violín","3P",3,"NO"
"Cuerda_Arco","Violín","2E",9,"SÍ"
"Cuerda_Arco","Violín","4E",6,"SÍ"
"Cuerda_Arco","Violín","1E",7,"SÍ"
"Cuerda_Arco","Violín","2E",9,"SÍ"
"Cuerda_Arco","Violín","2P",6,"SÍ"
"Cuerda_Arco","Violín","2P",7,"SÍ"
"Cuerda_Arco","Violín","1P",9,"SÍ"
"Cuerda_Arco","Violín","3E",7,"SÍ"
"Cuerda_Arco","Violín","4E",1,"NO"
"Cuerda_Arco","Violín","4P",6,"SÍ"
"Cuerda_Arco","Violín","3E",5,"SÍ"
"Cuerda_Arco","Violín","3P",NA,NA
"Cuerda_Arco","Violín","4E",4,"NO"
"Cuerda_Arco","Violín","4E",6,"SÍ"
"Cuerda_Arco","Violín","2E",9,"SÍ"
"Cuerda_Arco","Violín","2P",8,"SÍ"
"Cuerda_Arco","Violín","2E",8,"SÍ"
"Cuerda_Arco","Violín","1P",9,"SÍ"
"Cuerda_Arco","Violín","3E",7,"SÍ"
"Cuerda_Arco","Violín","1P",5,"SÍ"
"Cuerda_Arco","Violín","3E",4,"NO"
"Cuerda_Arco","Violín","6P",10,"SÍ"
"Cuerda_Arco","Violín","3P",8,"SÍ"
"Cuerda_Arco","Violín","1E",8,"SÍ"
"Cuerda_Arco","Violín","5P",9,"SÍ"
"Cuerda_Arco","Violín","1E",7,"SÍ"
"Cuerda_Arco","Violín","1E",6,"SÍ"
"Cuerda_Arco","Violín","4E",4,"NO"
"Cuerda_Arco","Violín","1P",1,"NO"
"Cuerda_Arco","Violín","4P",8,"SÍ"
"Cuerda_Arco","Violín","1E",7,"SÍ"
"Cuerda_Arco","Violín","5P",7,"SÍ"
